time,total,free,cache,buffer,used
2019-07-25 10:54:04.683000+00:00,9428135936,314335232,8198877184,180895744,7.7855026803041625
2019-07-25 10:54:09.683000+00:00,9428135936,285605888,8199483392,180895744,8.08379214272712
2019-07-25 10:54:14.683000+00:00,9428135936,248729600,8214110208,180895744,8.319782291267973
2019-07-25 10:54:19.683000+00:00,9428135936,134221824,8237158400,181121024,9.287463544691937
2019-07-25 10:54:24.683000+00:00,9428135936,164945920,7896465408,175079424,12.639244831524667
2019-07-25 10:54:29.683000+00:00,9428135936,156286976,7062851584,171642880,21.609303364206394
2019-07-25 10:54:34.684000+00:00,9428135936,153739264,6717038592,169639936,25.325453092830756
2019-07-25 10:54:39.683000+00:00,9428135936,143810560,6687604736,169435136,25.745126295132792
2019-07-25 10:54:44.683000+00:00,9428135936,130936832,6688296960,169435136,25.874330032570292
2019-07-25 10:54:49.683000+00:00,9428135936,154423296,6658813952,169213952,25.940278678646322
2019-07-25 10:54:54.683000+00:00,9428135936,153038848,6659776512,169213952,25.944753455026976
2019-07-25 10:54:59.683000+00:00,9428135936,141611008,6662311936,169222144,26.03898442560597
2019-07-25 10:55:04.683000+00:00,9428135936,160477184,6643798016,168718336,26.04059186954854
2019-07-25 10:55:09.683000+00:00,9428135936,139161600,6665936896,168488960,26.03429242707092
2019-07-25 10:55:14.683000+00:00,9428135936,144949248,6657445888,167993344,26.068222527588297
2019-07-25 10:55:19.683000+00:00,9428135936,161857536,6393495552,166785024,28.701302594371082
2019-07-25 10:55:24.684000+00:00,9428135936,159805440,6178197504,165216256,31.023277091621264
2019-07-25 10:55:29.683000+00:00,9428135936,131989504,6188351488,165216256,31.210609477576373
2019-07-25 10:55:34.683000+00:00,9428135936,163262464,6003286016,163393536,32.861150295574184
2019-07-25 10:55:39.683000+00:00,9428135936,180621312,6028627968,163393536,32.40824210364885
2019-07-25 10:55:44.684000+00:00,9428135936,146882560,6008664064,163131392,32.98062248049454
2019-07-25 10:55:49.683000+00:00,9428135936,174489600,5829791744,161546240,34.601838307648265
2019-07-25 10:55:54.683000+00:00,9428135936,146124800,5788909568,161177600,35.34021985488691
2019-07-25 10:55:59.683000+00:00,9428135936,172847104,5692780544,159703040,36.092025731267526
2019-07-25 10:56:04.683000+00:00,9428135936,173563904,5381881856,154103808,39.44137412997097
2019-07-25 10:56:09.683000+00:00,9428135936,144396288,5008556032,135479296,43.90798295761865
2019-07-25 10:56:14.683000+00:00,9428135936,139288576,4646477824,124731392,47.916557150497155
2019-07-25 10:56:19.683000+00:00,9428135936,254418944,4621692928,124477440,46.96099689328875
2019-07-25 10:56:24.683000+00:00,9428135936,377442304,4655120384,124674048,45.299508078709145
2019-07-25 10:56:29.683000+00:00,9428135936,375222272,4657557504,124674048,45.2972055238725
2019-07-25 10:56:34.683000+00:00,9428135936,356741120,4675710976,124678144,45.300637633912025
2019-07-25 10:56:39.684000+00:00,9428135936,354238464,4678139904,124682240,45.30137618923699
2019-07-25 10:56:44.683000+00:00,9428135936,334843904,4696096768,124682240,45.31662518447592
2019-07-25 10:56:49.683000+00:00,9428135936,331919360,4698521600,124686336,45.32188196061241
2019-07-25 10:56:54.683000+00:00,9428135936,311771136,4718886912,124686336,45.31957940577576
2019-07-25 10:56:59.683000+00:00,9428135936,294289408,4736913408,124690432,45.31375785203783
2019-07-25 10:57:04.683000+00:00,9428135936,291524608,4739338240,124690432,45.317363739800875
2019-07-25 10:57:09.685000+00:00,9428135936,280526848,4757356544,124690432,45.24289998527234
2019-07-25 10:57:14.683000+00:00,9428135936,278102016,4759781376,124690432,45.24289998527234
2019-07-25 10:57:19.683000+00:00,9428135936,259760128,4777803776,124690432,45.24628865088099
2019-07-25 10:57:24.683000+00:00,9428135936,256897024,4780232704,124690432,45.250893760554284
2019-07-25 10:57:29.683000+00:00,9428135936,239095808,4798259200,124690432,45.24850431685587
2019-07-25 10:57:34.683000+00:00,9428135936,236023808,4800688128,124694528,45.25528164807318
2019-07-25 10:57:39.683000+00:00,9428135936,217030656,4818722816,124702720,45.26536075603737
2019-07-25 10:57:44.683000+00:00,9428135936,208154624,4827807744,124710912,45.26305820120072
2019-07-25 10:57:49.683000+00:00,9428135936,185917440,4840423424,124710912,45.36510916933813
2019-07-25 10:57:54.683000+00:00,9428135936,184868864,4841627648,124719104,45.36337139210293
2019-07-25 10:57:59.683000+00:00,9428135936,183746560,4842012672,124723200,45.371147945230476
2019-07-25 10:58:04.683000+00:00,9428135936,148021248,4846350336,123891712,45.71288183853356
2019-07-25 10:58:09.683000+00:00,9428135936,168964096,4753362944,122540032,46.49136259547457
2019-07-25 10:58:14.683000+00:00,9428135936,153952256,4666929152,120963072,47.58407692097154
2019-07-25 10:58:19.683000+00:00,9428135936,135442432,4650287104,120680448,47.959914692515525
2019-07-25 10:58:24.683000+00:00,9428135936,157437952,4580646912,118943744,48.48368075120634
2019-07-25 10:58:29.683000+00:00,9428135936,137527296,4281167872,115343360,51.909491348258804
2019-07-25 10:58:34.683000+00:00,9428135936,314400768,4257202176,115073024,50.29053463151085
2019-07-25 10:58:39.683000+00:00,9428135936,314368000,4257234944,115077120,50.29049118707998
2019-07-25 10:58:44.683000+00:00,9428135936,338632704,4257275904,115085312,50.03260504537553
2019-07-25 10:58:49.684000+00:00,9428135936,266227712,4387639296,115085312,49.41786634842173
2019-07-25 10:58:54.683000+00:00,9428135936,267710464,4307505152,115085312,50.252086310181944
2019-07-25 10:58:59.683000+00:00,9428135936,232898560,4307623936,115089408,50.62001719530574
2019-07-25 10:59:04.683000+00:00,9428135936,322502656,4335517696,115093504,49.37372680664752
2019-07-25 10:59:09.683000+00:00,9428135936,320065536,4337954816,115097600,49.37368336221664
2019-07-25 10:59:14.683000+00:00,9428135936,301666304,4356186112,115105792,49.375377695020966
2019-07-25 10:59:19.683000+00:00,9428135936,286203904,4376788992,115109888,49.32081148983553
2019-07-25 10:59:24.683000+00:00,9428135936,283648000,4379172864,115118080,49.322549267070734
2019-07-25 10:59:29.683000+00:00,9428135936,264142848,4398596096,115126272,49.32333126682657
2019-07-25 10:59:34.683000+00:00,9428135936,244895744,4418113536,115130368,49.3204204899576
2019-07-25 10:59:39.683000+00:00,9428135936,242601984,4420378624,115138560,49.320637712112
2019-07-25 10:59:44.688000+00:00,9428135936,224174080,4438597632,115138560,49.32285337808689
2019-07-25 10:59:49.683000+00:00,9428135936,221347840,4441108480,115294208,49.32454771089122
2019-07-25 10:59:54.683000+00:00,9428135936,203452416,4459335680,115298304,49.320985267559045
2019-07-25 10:59:59.683000+00:00,9428135936,191410176,4470775808,115298304,49.327371598898424
2019-07-25 11:00:04.683000+00:00,9428135936,179937280,4482449408,115298304,49.325242821785295
2019-07-25 11:00:09.683000+00:00,9428135936,161234944,4500668416,115298304,49.330369264629155
2019-07-25 11:00:14.683000+00:00,9428135936,149766144,4512153600,115298304,49.33019548690563
2019-07-25 11:00:19.683000+00:00,9428135936,139161600,4523671552,115298304,49.320507378819364
2019-07-25 11:00:24.683000+00:00,9428135936,155848704,4507459584,114806784,49.32068115654288
2019-07-25 11:00:29.683000+00:00,9428135936,152846336,4509941760,114814976,49.3261117104029
2019-07-25 11:00:34.683000+00:00,9428135936,134201344,4528168960,114819072,49.330499597921786
2019-07-25 11:00:39.683000+00:00,9428135936,151842816,4512190464,114601984,49.31516371382111
2019-07-25 11:00:44.683000+00:00,9428135936,149409792,4530388992,114606080,49.147902654932615
2019-07-25 11:00:49.683000+00:00,9428135936,147324928,4532822016,114606080,49.144209878307805
2019-07-25 11:00:54.683000+00:00,9428135936,151048192,4530929664,114380800,49.12717966140279
2019-07-25 11:00:59.683000+00:00,9428135936,143421440,4549206016,114384896,49.01418069668358
2019-07-25 11:01:04.683000+00:00,9428135936,140251136,4551643136,114388992,49.021913805380244
2019-07-25 11:01:09.683000+00:00,9428135936,196296704,4497891328,114171904,48.99988747892402
2019-07-25 11:01:14.683000+00:00,9428135936,193794048,4500328448,114176000,49.00053914538722
2019-07-25 11:01:19.683000+00:00,9428135936,175329280,4518559744,114180096,49.002972033516514
2019-07-25 11:01:24.683000+00:00,9428135936,169340928,4524494848,114180096,49.003536811117954
2019-07-25 11:01:29.683000+00:00,9428135936,156680192,4541689856,114180096,48.955443826133646
2019-07-25 11:01:34.683000+00:00,9428135936,138903552,4559867904,114188288,48.95109938304564
2019-07-25 11:01:39.687000+00:00,9428135936,136409088,4562296832,114196480,48.95170760507796
2019-07-25 11:01:44.683000+00:00,9428135936,139382784,4559433728,113983488,48.952793715849964
2019-07-25 11:01:49.683000+00:00,9428135936,137543680,4561936384,113991680,48.94566882918562
2019-07-25 11:01:54.683000+00:00,9428135936,137175040,4561973248,113995776,48.94914438365603
2019-07-25 11:01:59.683000+00:00,9428135936,150466560,4552261632,112869376,48.92312116955884
2019-07-25 11:02:04.683000+00:00,9428135936,144760832,4502200320,111939584,49.524478981801565
2019-07-25 11:02:09.683000+00:00,9428135936,144457728,4458455040,111300608,49.998457722703755
2019-07-25 11:02:14.683000+00:00,9428135936,140890112,4303187968,92897280,51.878341691317765
2019-07-25 11:02:19.685000+00:00,9428135936,152883200,4296343552,89812992,51.856445698154175
2019-07-25 11:02:24.683000+00:00,9428135936,132878336,4143497216,87166976,53.71786578364413
2019-07-25 11:02:29.683000+00:00,9428135936,146726912,3951906816,83202048,55.645147626348354
2019-07-25 11:02:34.683000+00:00,9428135936,677302272,3951968256,83202048,50.01692160582781
2019-07-25 11:02:39.683000+00:00,9428135936,685285376,3952001024,83206144,49.93185741016452
2019-07-25 11:02:44.683000+00:00,9428135936,721629184,4030210048,83226624,48.71662978958559
2019-07-25 11:02:49.683000+00:00,9428135936,551428096,4089401344,83238912,49.893930422006164
2019-07-25 11:02:54.683000+00:00,9428135936,1519198208,3122720768,83251200,49.882243870099416
2019-07-25 11:02:59.684000+00:00,9428135936,1295200256,3210702848,83259392,51.32481619747406
2019-07-25 11:03:04.685000+00:00,9428135936,1523298304,3238481920,83259392,48.61084260039248
2019-07-25 11:03:09.683000+00:00,9428135936,1520898048,3240902656,83263488,48.6105819338072
2019-07-25 11:03:14.683000+00:00,9428135936,1502502912,3259166720,83263488,48.61197215559536
2019-07-25 11:03:19.684000+00:00,9428135936,1499500544,3261603840,83263488,48.617967487056816
2019-07-25 11:03:24.683000+00:00,9428135936,1481457664,3279589376,83267584,48.618532264658256
2019-07-25 11:03:29.683000+00:00,9428135936,1480843264,3282010112,83267584,48.59937327064012
2019-07-25 11:03:34.683000+00:00,9428135936,1462620160,3299999744,83267584,48.60184960320029
2019-07-25 11:03:39.683000+00:00,9428135936,1450180608,3311509504,83267584,48.61171148901008
2019-07-25 11:03:44.683000+00:00,9428135936,1440473088,3321450496,83267584,48.60923515644991
2019-07-25 11:03:49.683000+00:00,9428135936,1421463552,3340763136,83267584,48.606020268564784
2019-07-25 11:03:54.683000+00:00,9428135936,1422450688,3343175680,83267584,48.569961390934274
2019-07-25 11:03:59.683000+00:00,9428135936,1405427712,3361161216,83267584,48.55975194967745
2019-07-25 11:04:04.683000+00:00,9428135936,1402138624,3363581952,83283968,48.568788391300515
2019-07-25 11:04:09.684000+00:00,9428135936,1384738816,3381522432,83292160,48.56296683756258
2019-07-25 11:04:14.683000+00:00,9428135936,1382031360,3383918592,83300352,48.566181725447706
2019-07-25 11:04:19.683000+00:00,9428135936,1364217856,3402014720,83308544,48.563097170855215
2019-07-25 11:04:24.683000+00:00,9428135936,1352314880,3414417408,83316736,48.55771006142608
2019-07-25 11:04:29.684000+00:00,9428135936,1340928000,3424653312,83316736,48.5699179465034
2019-07-25 11:04:34.683000+00:00,9428135936,1341222912,3424772096,83320832,48.56548661455362
2019-07-25 11:04:39.683000+00:00,9428135936,1319854080,3446022144,83329024,48.56665961418739
2019-07-25 11:04:44.683000+00:00,9428135936,1143189504,3486691328,83337216,50.00901471940763
2019-07-25 11:04:49.683000+00:00,9428135936,1002459136,3530444800,83341312,51.03756162049466
2019-07-25 11:04:54.685000+00:00,9428135936,840687616,3691810816,83345408,51.04181917472091
2019-07-25 11:04:59.683000+00:00,9428135936,410951680,4071395328,83349504,51.57370934198631
2019-07-25 11:05:04.683000+00:00,9428135936,380866560,4112265216,83361792,51.45918982218629
2019-07-25 11:05:09.683000+00:00,9428135936,344186880,4112297984,83369984,51.84780025640903
2019-07-25 11:05:14.683000+00:00,9428135936,330915840,3988467712,81166336,53.32534535064217
2019-07-25 11:05:19.683000+00:00,9428135936,330686464,3988500480,81170432,53.32738723889354
2019-07-25 11:05:24.683000+00:00,9428135936,273784832,4102914048,81174528,52.71734054047479
2019-07-25 11:05:29.683000+00:00,9428135936,1054646272,3470245888,81182720,51.14543414237001
2019-07-25 11:05:34.683000+00:00,9428135936,1206984704,3558318080,81190912,48.59541982743003
2019-07-25 11:05:39.683000+00:00,9428135936,1380450304,3586064384,81195008,46.46121216044376
2019-07-25 11:05:44.683000+00:00,9428135936,1378127872,3588509696,81199104,46.45986538308647
2019-07-25 11:05:49.683000+00:00,9428135936,1359437824,3606855680,81199104,46.46351471528041
2019-07-25 11:05:54.683000+00:00,9428135936,1356976128,3609288704,81203200,46.46377538186569
2019-07-25 11:05:59.683000+00:00,9428135936,1339252736,3627479040,81207296,46.45877927231447
2019-07-25 11:06:04.683000+00:00,9428135936,1317965824,3647922176,81207296,46.467728825075774
2019-07-25 11:06:09.683000+00:00,9428135936,1315475456,3650392064,81207296,46.46794604723018
2019-07-25 11:06:14.683000+00:00,9428135936,1297240064,3668336640,81207296,46.47103060182267
2019-07-25 11:06:19.683000+00:00,9428135936,1294770176,3670724608,81207296,46.47189949044027
2019-07-25 11:06:24.683000+00:00,9428135936,1274585088,3691360256,81211392,46.467077158612575
2019-07-25 11:06:29.683000+00:00,9428135936,1260597248,3709353984,81211392,46.42458850521181
2019-07-25 11:06:34.683000+00:00,9428135936,1257254912,3711594496,81211392,46.436275057118564
2019-07-25 11:06:39.683000+00:00,9428135936,1253519360,3729756160,81285120,46.282481771802914
2019-07-25 11:06:44.683000+00:00,9428135936,1250971648,3732180992,81285120,46.28378510472932
2019-07-25 11:06:49.683000+00:00,9428135936,1233448960,3750113280,81293312,46.279353772779544
2019-07-25 11:06:54.683000+00:00,9428135936,1218187264,3765682176,81297408,46.27605199603265
2019-07-25 11:06:59.683000+00:00,9428135936,1210134528,3773104128,81301504,46.28269899395732
2019-07-25 11:07:04.683000+00:00,9428135936,1191804928,3790942208,81301504,46.28791232566293
2019-07-25 11:07:09.683000+00:00,9428135936,1189502976,3793330176,81301504,46.28699999261445
2019-07-25 11:07:14.683000+00:00,9428135936,1171324928,3811397632,81305600,46.28812954781733
2019-07-25 11:07:19.683000+00:00,9428135936,1168949248,3813801984,81305600,46.287825436801164
2019-07-25 11:07:24.683000+00:00,9428135936,1149988864,3831738368,81309696,46.29864310009032
2019-07-25 11:07:29.685000+00:00,9428135936,1146937344,3834138624,81313792,46.30550732016938
2019-07-25 11:07:34.683000+00:00,9428135936,1126567936,3854622720,81313792,46.30429087610474
2019-07-25 11:07:39.683000+00:00,9428135936,1108840448,3872550912,81313792,46.30216209899161
2019-07-25 11:07:44.683000+00:00,9428135936,1104011264,3874885632,81317888,46.32857631296673
2019-07-25 11:07:49.683000+00:00,9428135936,1085939712,3892867072,81321984,46.32948864601521
2019-07-25 11:07:54.683000+00:00,9428135936,1083645952,3895271424,81321984,46.32831564638145
2019-07-25 11:07:59.683000+00:00,9428135936,1066659840,3913252864,81330176,46.31767176081581
2019-07-25 11:08:04.683000+00:00,9428135936,1051697152,3929071616,81334272,46.308548430330994
2019-07-25 11:08:09.683000+00:00,9428135936,1071988736,3936051200,81334272,46.019295409531104
2019-07-25 11:08:14.683000+00:00,9428135936,1053282304,3954032640,81338368,46.026941629366
2019-07-25 11:08:19.683000+00:00,9428135936,1051455488,3956445184,81342464,46.02068563131926
2019-07-25 11:08:24.683000+00:00,9428135936,1033170944,3974393856,81350656,46.02416118578967
2019-07-25 11:08:29.683000+00:00,9428135936,1030590464,3976785920,81350656,46.026159629610156
2019-07-25 11:08:34.683000+00:00,9428135936,1030975488,3976822784,81354752,46.02164140879862
2019-07-25 11:08:39.683000+00:00,9428135936,992579584,4014239744,81367040,46.031894294486335
2019-07-25 11:08:44.684000+00:00,9428135936,951459840,4047491072,81367040,46.11535104620707
2019-07-25 11:08:49.683000+00:00,9428135936,861814784,4098568192,81371136,46.52438036294346
2019-07-25 11:08:54.683000+00:00,9428135936,719261696,4105879552,81375232,47.958785137312645
2019-07-25 11:08:59.683000+00:00,9428135936,556589056,4187553792,81383424,48.817811869105405
2019-07-25 11:09:04.683000+00:00,9428135936,521859072,4194062336,81383424,49.11714399786948
2019-07-25 11:09:09.683000+00:00,9428135936,514424832,4194095104,81387520,49.195604640039
2019-07-25 11:09:14.683000+00:00,9428135936,584114176,4194144256,81395712,48.455832871012184
2019-07-25 11:09:19.683000+00:00,9428135936,520806400,4194177024,81399808,49.126918994817515
2019-07-25 11:09:24.683000+00:00,9428135936,1089355776,3472044032,81399808,50.75591137509878
2019-07-25 11:09:29.683000+00:00,9428135936,919277568,3560189952,81408000,51.62484343713222
2019-07-25 11:09:34.684000+00:00,9428135936,1041739776,3560230912,81416192,50.3254205095076
2019-07-25 11:09:39.683000+00:00,9428135936,1023172608,3600564224,81420288,50.094513359379725
2019-07-25 11:09:44.683000+00:00,9428135936,1020030976,3604103168,81420288,50.09029924958435
2019-07-25 11:09:49.683000+00:00,9428135936,993587200,3630587904,81420288,50.08986480527554
2019-07-25 11:09:54.683000+00:00,9428135936,990015488,3634106368,81424384,50.09038613844611
2019-07-25 11:09:59.683000+00:00,9428135936,963665920,3660419072,81440768,50.090603360600504
2019-07-25 11:10:04.685000+00:00,9428135936,960143360,3663970304,81440768,50.09029924958435
2019-07-25 11:10:09.683000+00:00,9428135936,937324544,3687604224,81444864,50.08161036340832
2019-07-25 11:10:14.683000+00:00,9428135936,932204544,3692081152,81448960,50.088387694625624
2019-07-25 11:10:19.683000+00:00,9428135936,930189312,3693838336,81448960,50.09112469377107
2019-07-25 11:10:24.683000+00:00,9428135936,913326080,3720208384,81453056,49.99024672526741
2019-07-25 11:10:29.683000+00:00,9428135936,909983744,3723730944,81457152,49.9882917258778
2019-07-25 11:10:34.683000+00:00,9428135936,884113408,3750121472,81457152,49.982774283156026
2019-07-25 11:10:39.683000+00:00,9428135936,880234496,3753762816,81461248,49.9852506157162
2019-07-25 11:10:44.683000+00:00,9428135936,852996096,3780063232,81465344,49.99515594595687
2019-07-25 11:10:49.683000+00:00,9428135936,852766720,3781836800,81465344,49.97877739551505
2019-07-25 11:10:54.683000+00:00,9428135936,850702336,3783598080,81465344,49.98199228340019
2019-07-25 11:10:59.683000+00:00,9428135936,824299520,3810004992,81469440,49.98190539453843
2019-07-25 11:11:04.683000+00:00,9428135936,821014528,3813527552,81469440,49.97938561754738
2019-07-25 11:11:09.683000+00:00,9428135936,794341376,3839946752,81473536,49.98203572783106
2019-07-25 11:11:14.683000+00:00,9428135936,790855680,3843469312,81477632,49.98160128352227
2019-07-25 11:11:19.683000+00:00,9428135936,764063744,3869904896,81481728,49.985337504577956
2019-07-25 11:11:24.683000+00:00,9428135936,760963072,3873452032,81481728,49.980602061612025
2019-07-25 11:11:29.683000+00:00,9428135936,760659968,3873460224,81485824,49.983686616204515
2019-07-25 11:11:34.683000+00:00,9428135936,761180160,3873497088,81489920,49.97773472917393
2019-07-25 11:11:39.683000+00:00,9428135936,699215872,3936051200,81489920,49.97147873112719
2019-07-25 11:11:44.683000+00:00,9428135936,535089152,3965116416,81494016,51.40397195053764
2019-07-25 11:11:49.683000+00:00,9428135936,499888128,4000206848,81498112,51.405101505740525
2019-07-25 11:11:54.683000+00:00,9428135936,493498368,4007043072,81502208,51.40032261834372
2019-07-25 11:11:59.683000+00:00,9428135936,410042368,4089896960,81502208,51.4067089496831
2019-07-25 11:12:04.683000+00:00,9428135936,439169024,4092338176,81502208,51.07188272088995
2019-07-25 11:12:09.683000+00:00,9428135936,424820736,4092379136,81514496,51.223503784661595
2019-07-25 11:12:14.683000+00:00,9428135936,422936576,4092420096,81518592,51.24301033412677
2019-07-25 11:12:19.683000+00:00,9428135936,428478464,4094144512,81526784,51.16585302488367
2019-07-25 11:12:24.683000+00:00,9428135936,402698240,4202291200,81534976,50.29214207545342
2019-07-25 11:12:29.683000+00:00,9428135936,913453056,3518451712,81543168,52.12788650229322
2019-07-25 11:12:34.683000+00:00,9428135936,746033152,3606302720,81543168,52.97183801657057
2019-07-25 11:12:39.686000+00:00,9428135936,749871104,3606335488,81543168,52.93078302938885
2019-07-25 11:12:44.683000+00:00,9428135936,709476352,3646672896,81547264,52.93134780699029
2019-07-25 11:12:49.683000+00:00,9428135936,706043904,3650207744,81547264,52.930261696218295
2019-07-25 11:12:54.684000+00:00,9428135936,679587840,3676872704,81551360,52.92800258581253
2019-07-25 11:12:59.683000+00:00,9428135936,675958784,3680403456,81555456,52.92900180772276
2019-07-25 11:13:04.683000+00:00,9428135936,649314304,3707052032,81563648,52.928871474430125
2019-07-25 11:13:09.683000+00:00,9428135936,648818688,3707027456,81567744,52.93434547272102
2019-07-25 11:13:14.690000+00:00,9428135936,645541888,3710562304,81567744,52.93160847357557
2019-07-25 11:13:19.683000+00:00,9428135936,619180032,3737165824,81567744,52.92904525215365
2019-07-25 11:13:24.683000+00:00,9428135936,615235584,3740700672,81575936,52.9333028063799
2019-07-25 11:13:29.683000+00:00,9428135936,591790080,3767304192,81584128,52.899720261309554
2019-07-25 11:13:34.683000+00:00,9428135936,588845056,3770839040,81588224,52.89342081883195
2019-07-25 11:13:39.683000+00:00,9428135936,561659904,3797446656,81592320,52.899503039155164
2019-07-25 11:13:44.684000+00:00,9428135936,558321664,3801067520,81600512,52.896418484562666
2019-07-25 11:13:49.689000+00:00,9428135936,531759104,3827658752,81608704,52.89602748468475
2019-07-25 11:13:54.683000+00:00,9428135936,531730432,3827625984,81612800,52.89663570671708
2019-07-25 11:13:59.683000+00:00,9428135936,528011264,3831156736,81616896,52.898590706106674
2019-07-25 11:14:04.683000+00:00,9428135936,500736000,3857772544,81625088,52.90549837061662
2019-07-25 11:14:09.683000+00:00,9428135936,497082368,3861307392,81629184,52.906714814681266
2019-07-25 11:14:14.683000+00:00,9428135936,470642688,3887923200,81633280,52.904803259722534
2019-07-25 11:14:19.684000+00:00,9428135936,466673664,3891458048,81641472,52.90932148053407
2019-07-25 11:14:24.683000+00:00,9428135936,437903360,3918348288,82186240,52.923484365000995
2019-07-25 11:14:29.683000+00:00,9428135936,435974144,3921948672,82186240,52.9057590372019
2019-07-25 11:14:34.683000+00:00,9428135936,409210880,3948564480,82190336,52.907279592282705
2019-07-25 11:14:39.683000+00:00,9428135936,406106112,3952099328,82190336,52.902717927040285
2019-07-25 11:14:44.683000+00:00,9428135936,378871808,3978768384,82194432,52.908669814070876
2019-07-25 11:14:49.683000+00:00,9428135936,378753024,3978752000,82194432,52.91010348028992
2019-07-25 11:14:54.683000+00:00,9428135936,375246848,3982290944,82194432,52.90975592484287
2019-07-25 11:14:59.683000+00:00,9428135936,348573696,4008902656,82198528,52.910364146875196
2019-07-25 11:15:04.685000+00:00,9428135936,345100288,4012441600,82198528,52.90966903598111
2019-07-25 11:15:09.683000+00:00,9428135936,318910464,4039053312,82202624,52.90515081516958
2019-07-25 11:15:14.683000+00:00,9428135936,315371520,4042588160,82214912,52.90506392630782
2019-07-25 11:15:19.683000+00:00,9428135936,288436224,4069212160,82214912,52.908365703054706
2019-07-25 11:15:24.683000+00:00,9428135936,284819456,4072747008,82219008,52.90919114724143
2019-07-25 11:15:29.683000+00:00,9428135936,258068480,4099362816,82219008,52.91062481346047
2019-07-25 11:15:34.683000+00:00,9428135936,254828544,4102868992,82219008,52.907800925453266
2019-07-25 11:15:39.683000+00:00,9428135936,230121472,4128145408,82219008,52.90176214956092
2019-07-25 11:15:44.683000+00:00,9428135936,228208640,4129550336,82219008,52.90714925899006
2019-07-25 11:15:49.684000+00:00,9428135936,224923648,4133085184,82227200,52.90441225984461
2019-07-25 11:15:54.683000+00:00,9428135936,197611520,4159700992,82231296,52.91175436866335
2019-07-25 11:15:59.683000+00:00,9428135936,193982464,4163227648,82235392,52.91279703500448
2019-07-25 11:16:04.683000+00:00,9428135936,167415808,4189859840,82239488,52.91205847967952
2019-07-25 11:16:09.683000+00:00,9428135936,163803136,4193390592,82243584,52.91288392386624
2019-07-25 11:16:14.683000+00:00,9428135936,136945664,4219969536,82247680,52.915794700735205
2019-07-25 11:16:19.683000+00:00,9428135936,135024640,4221796352,82255872,52.916707033783695
2019-07-25 11:16:24.683000+00:00,9428135936,132993024,4223569920,82268160,52.919313699636504
2019-07-25 11:16:29.683000+00:00,9428135936,133062656,4223619072,82272256,52.9180103667101
2019-07-25 11:16:34.683000+00:00,9428135936,142454784,4216045568,81526784,52.90662792581951
2019-07-25 11:16:39.685000+00:00,9428135936,135921664,4205645824,80228352,53.09999908766695
2019-07-25 11:16:44.683000+00:00,9428135936,146673664,4124192768,76333056,53.891209062855836
2019-07-25 11:16:49.683000+00:00,9428135936,132612096,4138401792,76333056,53.88964506334415
2019-07-25 11:16:54.683000+00:00,9428135936,155328512,4118458368,74571776,53.87891428891676
2019-07-25 11:16:59.683000+00:00,9428135936,155074560,4118380544,74575872,53.882389843387166
2019-07-25 11:17:04.683000+00:00,9428135936,154484736,4118446080,74719232,53.88643017545902
2019-07-25 11:17:09.683000+00:00,9428135936,149827584,4048498688,72486912,54.70140425433934
2019-07-25 11:17:14.683000+00:00,9428135936,169869312,4105678848,72503296,53.88217262123277
2019-07-25 11:17:19.683000+00:00,9428135936,145367040,4166262784,71675904,53.50824640464751
2019-07-25 11:17:24.683000+00:00,9428135936,220823552,3976810496,69296128,54.74258957481371
2019-07-25 11:17:29.683000+00:00,9428135936,1153671168,3046580224,69300224,54.71478513905041
2019-07-25 11:17:34.683000+00:00,9428135936,1120178176,3087286272,69308416,54.638192607408754
2019-07-25 11:17:39.683000+00:00,9428135936,1126035456,3086954496,69312512,54.57954262572058
2019-07-25 11:17:44.683000+00:00,9428135936,1121636352,3090546688,69316608,54.58805773417309
2019-07-25 11:17:49.683000+00:00,9428135936,1121882112,3090735104,69324800,54.58336573563803
2019-07-25 11:17:54.683000+00:00,9428135936,1095532544,3117404160,69328896,54.5799336255985
2019-07-25 11:17:59.683000+00:00,9428135936,1092489216,3119984640,69337088,54.584755957426204
2019-07-25 11:18:04.684000+00:00,9428135936,1091125248,3120984064,69341184,54.588579067343645
2019-07-25 11:18:09.683000+00:00,9428135936,1064075264,3147628544,69345280,54.592836621569894
2019-07-25 11:18:14.683000+00:00,9428135936,1064996864,3147665408,69345280,54.58267062474395
2019-07-25 11:18:19.683000+00:00,9428135936,1061478400,3151200256,69349376,54.58245340258955
2019-07-25 11:18:24.683000+00:00,9428135936,1034719232,3177910272,69353472,54.58293129132923
2019-07-25 11:18:29.683000+00:00,9428135936,1039368192,3177828352,69353472,54.53449075089789
2019-07-25 11:18:34.683000+00:00,9428135936,1035808768,3181387776,69353472,54.53449075089789
2019-07-25 11:18:39.683000+00:00,9428135936,1036009472,3181383680,69361664,54.53231852935389
2019-07-25 11:18:44.683000+00:00,9428135936,1008926720,3207823360,69365760,54.53909586057119
2019-07-25 11:18:49.683000+00:00,9428135936,1008766976,3207856128,69369856,54.54039919349759
2019-07-25 11:18:54.684000+00:00,9428135936,1005760512,3211354112,69369856,54.535185861791966
2019-07-25 11:18:59.683000+00:00,9428135936,1006206976,3211395072,69373952,54.529972530086354
2019-07-25 11:19:04.683000+00:00,9428135936,979230720,3237842944,69378048,54.535533417239016
2019-07-25 11:19:09.683000+00:00,9428135936,976162816,3241349120,69382144,54.53084141870396
2019-07-25 11:19:14.683000+00:00,9428135936,975904768,3241390080,69386240,54.533100529109724
2019-07-25 11:19:19.683000+00:00,9428135936,949760000,3267641344,69394432,54.53188408504508
2019-07-25 11:19:24.683000+00:00,9428135936,949600256,3267682304,69398528,54.533100529109724
2019-07-25 11:19:29.685000+00:00,9428135936,941481984,3271163904,69398528,54.582279624866025
2019-07-25 11:19:34.683000+00:00,9428135936,919388160,3297648640,69402624,54.53566375053165
2019-07-25 11:19:39.683000+00:00,9428135936,919437312,3297693696,69414912,54.53453419532877
2019-07-25 11:19:44.683000+00:00,9428135936,916004864,3301195776,69423104,54.53370875114204
2019-07-25 11:19:49.683000+00:00,9428135936,912232448,3304939520,69427200,54.53396941772732
2019-07-25 11:19:54.683000+00:00,9428135936,889495552,3327479808,69427200,54.53605475040957
2019-07-25 11:19:59.683000+00:00,9428135936,887857152,3329273856,69435392,54.53431697317437
2019-07-25 11:20:04.683000+00:00,9428135936,885583872,3331002368,69443584,54.54000819361966
2019-07-25 11:20:09.683000+00:00,9428135936,859496448,3357474816,69447680,54.53588097268606
2019-07-25 11:20:14.683000+00:00,9428135936,859455488,3357515776,69455872,54.5357940838243
2019-07-25 11:20:19.683000+00:00,9428135936,855973888,3361013760,69455872,54.535620306100775
2019-07-25 11:20:24.685000+00:00,9428135936,856387584,3361054720,69459968,54.5307545298422
2019-07-25 11:20:29.683000+00:00,9428135936,856313856,3361091584,69464064,54.53110208528924
2019-07-25 11:20:34.683000+00:00,9428135936,856158208,3361132544,69468160,54.532275084923
2019-07-25 11:20:39.683000+00:00,9428135936,784949248,3418660864,69476352,54.67729259520087
2019-07-25 11:20:44.683000+00:00,9428135936,679690240,3440308224,69480448,55.564080318326035
2019-07-25 11:20:49.683000+00:00,9428135936,629313536,3487678464,69488640,55.59588164173028
2019-07-25 11:20:54.683000+00:00,9428135936,145899520,3950272512,69500928,55.81657935060134
2019-07-25 11:20:59.683000+00:00,9428135936,146386944,3951955968,68001792,55.809454463936994
2019-07-25 11:21:04.683000+00:00,9428135936,170455040,3945934848,67678208,55.62147041151868
2019-07-25 11:21:09.683000+00:00,9428135936,169353216,3945984000,67682304,55.632592185823995
2019-07-25 11:21:14.683000+00:00,9428135936,169197568,3946020864,67682304,55.63385207431952
2019-07-25 11:21:19.683000+00:00,9428135936,165429248,3946057728,67690496,55.673343061989556
2019-07-25 11:21:24.683000+00:00,9428135936,224579584,4004261888,67366912,54.432048782882546
2019-07-25 11:21:29.683000+00:00,9428135936,133337088,4108996608,67375104,54.288855938701644
2019-07-25 11:21:34.683000+00:00,9428135936,714285056,3440930816,67375104,55.21287553909108
2019-07-25 11:21:39.684000+00:00,9428135936,829304832,3440926720,67383296,53.99286903111533
2019-07-25 11:21:44.683000+00:00,9428135936,874278912,3481264128,67383296,53.08800842474404
2019-07-25 11:21:49.683000+00:00,9428135936,870989824,3484794880,67391488,53.08535831446035
2019-07-25 11:21:54.683000+00:00,9428135936,844161024,3511414784,67399680,53.08748709157347
2019-07-25 11:21:59.683000+00:00,9428135936,841605120,3513217024,67411968,53.09535053356278
2019-07-25 11:22:04.683000+00:00,9428135936,840507392,3514974208,67424256,53.08822564689844
2019-07-25 11:22:09.683000+00:00,9428135936,814321664,3541237760,67424256,53.08740020271171
2019-07-25 11:22:14.683000+00:00,9428135936,809938944,3544752128,67428352,53.096566977627425
2019-07-25 11:22:19.683000+00:00,9428135936,783732736,3571126272,67436544,53.094698867099574
2019-07-25 11:22:24.683000+00:00,9428135936,780804096,3574616064,67444736,53.08866009120724
2019-07-25 11:22:29.683000+00:00,9428135936,755109888,3600883712,67448832,53.082534426453144
2019-07-25 11:22:34.683000+00:00,9428135936,753975296,3604381696,67457024,53.05738010097355
2019-07-25 11:22:39.683000+00:00,9428135936,728035328,3630698496,67461120,53.053339768901694
2019-07-25 11:22:44.683000+00:00,9428135936,723828736,3634188288,67469312,53.06085565544396
2019-07-25 11:22:49.683000+00:00,9428135936,697532416,3660546048,67477504,53.060117100119
2019-07-25 11:22:54.683000+00:00,9428135936,697729024,3660505088,67481600,53.058422767314674
2019-07-25 11:22:59.685000+00:00,9428135936,694468608,3663998976,67489792,53.055859545892744
2019-07-25 11:23:04.683000+00:00,9428135936,667762688,3690299392,67489792,53.06016054454987
2019-07-25 11:23:09.683000+00:00,9428135936,664104960,3693780992,67489792,53.06202865507772
2019-07-25 11:23:14.683000+00:00,9428135936,637976576,3720298496,67497984,53.05781454528235
2019-07-25 11:23:19.683000+00:00,9428135936,638205952,3720142848,67510272,53.05690221223387
2019-07-25 11:23:24.683000+00:00,9428135936,634269696,3723669504,67518464,53.06115976646012
2019-07-25 11:23:29.683000+00:00,9428135936,607993856,3749937152,67522560,53.061203210890994
2019-07-25 11:23:34.683000+00:00,9428135936,604413952,3753426944,67530752,53.0620720995086
2019-07-25 11:23:39.683000+00:00,9428135936,578547712,3779821568,67538944,53.056380879063305
2019-07-25 11:23:44.683000+00:00,9428135936,576753664,3781521408,67543040,53.05733665654267
2019-07-25 11:23:49.683000+00:00,9428135936,574910464,3783360512,67551232,53.05729321211179
2019-07-25 11:23:54.683000+00:00,9428135936,548478976,3809615872,67559424,53.05907443377787
2019-07-25 11:23:59.683000+00:00,9428135936,545394688,3813101568,67567616,53.054729990689864
2019-07-25 11:24:04.683000+00:00,9428135936,516673536,3839578112,67584000,53.078363761088646
2019-07-25 11:24:09.686000+00:00,9428135936,512942080,3843084288,67592192,53.0806663159253
2019-07-25 11:24:14.683000+00:00,9428135936,486633472,3869384704,67600384,53.0806663159253
2019-07-25 11:24:19.683000+00:00,9428135936,486694912,3869360128,67608576,53.08018842718562
2019-07-25 11:24:24.684000+00:00,9428135936,483155968,3872878592,67608576,53.080405649340015
2019-07-25 11:24:29.683000+00:00,9428135936,456155136,3899367424,67616768,53.08574931433827
2019-07-25 11:24:34.683000+00:00,9428135936,452599808,3902881792,67624960,53.086096869785315
2019-07-25 11:24:39.683000+00:00,9428135936,425746432,3929124864,67633152,53.092483201124686
2019-07-25 11:24:44.683000+00:00,9428135936,422920192,3932614656,67641344,53.08535831446035
2019-07-25 11:24:49.683000+00:00,9428135936,396271616,3959078912,67641344,53.08731331384996
2019-07-25 11:24:54.683000+00:00,9428135936,392826880,3962585088,67649536,53.086574758524996
2019-07-25 11:24:59.683000+00:00,9428135936,366833664,3988815872,67657728,53.08396809267219
2019-07-25 11:25:04.683000+00:00,9428135936,363503616,3992301568,67665920,53.08223031543699
2019-07-25 11:25:09.683000+00:00,9428135936,336723968,4018720768,67665920,53.08605342535443
2019-07-25 11:25:14.683000+00:00,9428135936,333381632,4022214656,67670016,53.08440253698099
2019-07-25 11:25:19.684000+00:00,9428135936,306941952,4048465920,67678208,53.08631409193971
2019-07-25 11:25:24.683000+00:00,9428135936,304205824,4050259968,67686400,53.09621942218038
2019-07-25 11:25:29.683000+00:00,9428135936,302530560,4051980288,67690496,53.09569808900982
2019-07-25 11:25:34.685000+00:00,9428135936,301871104,4052021248,67694592,53.10221475364184
2019-07-25 11:25:39.683000+00:00,9428135936,299462656,4053823488,67702784,53.10855764055034
2019-07-25 11:25:44.683000+00:00,9428135936,190951424,4139372544,67710976,53.352020231202566
2019-07-25 11:25:49.683000+00:00,9428135936,145375232,4046958592,65998848,54.83377943523109
2019-07-25 11:25:54.683000+00:00,9428135936,156901376,4036567040,65630208,54.82565532665651
2019-07-25 11:25:59.683000+00:00,9428135936,143413248,3962011648,62820352,55.78929624800861
2019-07-25 11:26:04.683000+00:00,9428135936,148295680,3961618432,62431232,55.7458083726976
2019-07-25 11:26:09.683000+00:00,9428135936,144195584,3961655296,62439424,55.78881835926893
2019-07-25 11:26:14.683000+00:00,9428135936,152649728,3961696256,62447616,55.698627720761785
2019-07-25 11:26:19.683000+00:00,9428135936,150904832,3961729024,62455808,55.71670060400792
2019-07-25 11:26:24.683000+00:00,9428135936,253566976,3962142720,62459904,54.623378056478636
2019-07-25 11:26:29.683000+00:00,9428135936,256245760,3962179584,62459904,54.59457439880511
2019-07-25 11:26:34.683000+00:00,9428135936,197218304,3976974336,62468096,55.06364391901785
2019-07-25 11:26:39.683000+00:00,9428135936,170151936,3987857408,61509632,55.245458862251176
2019-07-25 11:26:44.683000+00:00,9428135936,143323136,4014424064,61517824,55.248152416965745
2019-07-25 11:26:49.683000+00:00,9428135936,145731584,3985739776,60559360,55.53701443788771
2019-07-25 11:26:54.683000+00:00,9428135936,143249408,3978260480,59121664,55.65792028902711
2019-07-25 11:26:59.683000+00:00,9428135936,181612544,3973959680,57741312,55.31127717503457
2019-07-25 11:27:04.683000+00:00,9428135936,181813248,3974008832,57749504,55.30854017588912
2019-07-25 11:27:09.683000+00:00,9428135936,185942016,3974062080,57761792,55.26405307866787
2019-07-25 11:27:14.683000+00:00,9428135936,168497152,3991199744,57761792,55.26731141098388
2019-07-25 11:27:19.683000+00:00,9428135936,150368256,4010459136,56680448,55.26679007781332
2019-07-25 11:27:24.683000+00:00,9428135936,7356493824,1404747776,56733696,6.471699646058221
2019-07-25 11:27:29.683000+00:00,9428135936,7363817472,1420341248,57876480,6.216507059068352
2019-07-25 11:27:34.683000+00:00,9428135936,7364481024,1420496896,57888768,6.207687839599686
2019-07-25 11:27:39.683000+00:00,9428135936,7364591616,1420529664,57888768,6.206167284518881
2019-07-25 11:27:44.683000+00:00,9428135936,7364550656,1420566528,57896960,6.206123840088001
2019-07-25 11:27:49.684000+00:00,9428135936,7364571136,1420599296,57905152,6.205472173624799
2019-07-25 11:27:54.684000+00:00,9428135936,7364382720,1420640256,57913344,6.206949284274724
2019-07-25 11:27:59.683000+00:00,9428135936,7364390912,1420673024,57917440,6.206471395535042
2019-07-25 11:28:04.683000+00:00,9428135936,7364415488,1420709888,57917440,6.20581972907184
2019-07-25 11:28:09.683000+00:00,9428135936,7364317184,1420742656,57925632,6.206427951104162
2019-07-25 11:28:14.683000+00:00,9428135936,7364460544,1420783616,57933824,6.204386062852796
2019-07-25 11:28:19.683000+00:00,9428135936,7363862528,1420816384,57937920,6.210337949883373
2019-07-25 11:28:24.683000+00:00,9428135936,7364014080,1420853248,57937920,6.208339506062888
2019-07-25 11:28:29.683000+00:00,9428135936,7364227072,1420886016,57942016,6.2056893957792
2019-07-25 11:28:34.683000+00:00,9428135936,7363600384,1420926976,57950208,6.211815060533297
2019-07-25 11:28:39.683000+00:00,9428135936,7363448832,1420959744,57954304,6.213031504597941
2019-07-25 11:28:44.684000+00:00,9428135936,7363518464,1420996608,57958400,6.211858504964178
2019-07-25 11:28:49.683000+00:00,9428135936,7363330048,1421029376,57962496,6.213465948906743
